Plate Number,Entry Time,Exit Time,Location
UPISENSSES,2025-11-06 18:18:44,2025-11-06 18:18:44,video_20250910_105621
HELENEHY,2025-11-06 18:18:47,2025-11-06 18:18:47,video_20250910_105621
PONERSSA,2025-11-06 18:18:51,2025-11-06 18:18:51,video_20250910_105621
ORTEERSZ,2025-11-06 18:18:52,2025-11-06 18:18:52,video_20250910_105621
PARERSSS,2025-11-06 18:18:53,2025-11-06 18:18:53,video_20250910_105621
LARISERSSZS,2025-11-06 18:18:55,2025-11-06 18:18:55,video_20250910_105621
FERNSERSS,2025-11-06 18:18:56,2025-11-06 18:18:56,video_20250910_105621
PORSCSSY,2025-11-06 18:18:58,2025-11-06 18:18:58,video_20250910_105621
TPSEF352,2025-11-06 18:19:01,2025-11-08 00:16:48,video_20250910_105621
PORES,2025-11-06 18:19:01,2025-11-06 18:19:01,video_20250910_105621
TPISESETS,2025-11-06 18:19:02,2025-11-06 18:19:02,video_20250910_105621
TRISERSS25,2025-11-06 18:19:03,2025-11-08 00:16:49,video_20250910_105621
WISEISZS,2025-11-06 18:19:03,2025-11-06 18:19:03,video_20250910_105621
ERTER3S2S,2025-11-06 18:19:04,2025-11-08 00:16:50,video_20250910_105621
FTPISERS525,2025-11-06 18:19:04,2025-11-08 00:16:51,video_20250910_105621
ORSRS,2025-11-06 18:19:05,2025-11-06 18:19:05,video_20250910_105621
UFTSEFSS23,2025-11-06 18:19:06,2025-11-08 00:16:53,video_20250910_105621
ORRSERSSZS,2025-11-06 18:19:07,2025-11-06 18:19:07,video_20250910_105621
PURNSTRSSZG,2025-11-06 18:19:07,2025-11-06 18:19:07,video_20250910_105621
PRESERSSZY,2025-11-06 18:19:09,2025-11-06 18:19:09,video_20250910_105621
PORSERASZ,2025-11-06 18:19:10,2025-11-06 18:19:10,video_20250910_105621
ARISESSS,2025-11-06 18:19:11,2025-11-06 18:19:11,video_20250910_105621
INTERIOR,2025-11-06 18:19:11,2025-11-06 18:19:11,video_20250910_105621
APISERASE,2025-11-06 18:19:12,2025-11-06 18:19:12,video_20250910_105621
UPUSEFSZ,2025-11-06 18:19:13,2025-11-06 18:19:13,video_20250910_105621
BSASEIZE,2025-11-06 18:19:14,2025-11-06 18:19:14,video_20250910_105621
TISERSSTS,2025-11-06 18:19:15,2025-11-06 18:19:15,video_20250910_105621
UPISEFISZS,2025-11-06 18:19:16,2025-11-06 18:19:16,video_20250910_105621
PURISERSSZS,2025-11-06 18:19:18,2025-11-06 18:19:18,video_20250910_105621
FORTSEF3525,2025-11-06 18:19:18,2025-11-08 00:17:04,video_20250910_105621
UPISEFS525,2025-11-06 18:19:19,2025-11-08 00:17:05,video_20250910_105621
PORVSERSSZS,2025-11-06 18:19:20,2025-11-06 18:19:20,video_20250910_105621
ARASA,2025-11-06 18:19:20,2025-11-06 18:19:20,video_20250910_105621
FTPISERG5Z5,2025-11-06 18:19:21,2025-11-08 00:17:07,video_20250910_105621
FUPSEFISZ,2025-11-06 18:19:23,2025-11-06 18:19:23,video_20250910_105621
FUPISEFIS2S,2025-11-06 18:19:24,2025-11-08 00:17:10,video_20250910_105621
DPISEFSSZS,2025-11-06 18:19:26,2025-11-06 18:19:26,video_20250910_105621
PARISERASZD,2025-11-06 18:19:27,2025-11-06 18:19:27,video_20250910_105621
UALAYEALG,2025-11-06 18:19:29,2025-11-06 18:19:29,video_20250910_105621
UPISEFSSZS,2025-11-06 18:19:29,2025-11-06 18:19:29,video_20250910_105621
FRORTSER9SES,2025-11-06 18:19:35,2025-11-08 00:17:21,video_20250910_105621
PUPRSERSSZ3,2025-11-06 18:19:39,2025-11-08 00:17:24,video_20250910_105621
PUPRSERSSZS,2025-11-06 18:19:41,2025-11-06 18:19:41,video_20250910_105621
FARSERS523,2025-11-06 18:19:42,2025-11-08 00:17:27,video_20250910_105621
PPTBEESEZS,2025-11-06 18:19:46,2025-11-06 18:19:46,video_20250910_105621
ANMAYAIE,2025-11-06 18:19:53,2025-11-06 18:19:53,video_20250910_105621
EMERNN,2025-11-06 18:19:56,2025-11-06 18:19:56,video_20250910_105621
RONYEPAR7,2025-11-06 18:19:57,2025-11-08 00:17:40,video_20250910_105621
CHOTCES212,2025-11-06 18:19:58,2025-11-08 00:17:41,video_20250910_105621
TEATICRSZN,2025-11-06 18:19:59,2025-11-06 18:19:59,video_20250910_105621
CHUICPA2T,2025-11-06 18:23:06,2025-11-08 00:17:45,video_20250910_105621
CHOTCPOZ12,2025-11-06 18:23:10,2025-11-08 00:17:50,video_20250910_105621
THOTAD1,2025-11-06 18:23:11,2025-11-08 00:17:50,video_20250910_105621
CHOICPS2NZ,2025-11-06 18:23:21,2025-11-08 00:18:00,video_20250910_105621
TARCRAZ2,2025-11-06 18:23:22,2025-11-08 00:18:01,video_20250910_105621
CHOMP3232,2025-11-06 18:23:23,2025-11-08 00:18:02,video_20250910_105621
TADICRA212,2025-11-06 18:23:24,2025-11-08 00:18:02,video_20250910_105621
1TANNERSZ2,2025-11-06 18:23:26,2025-11-08 00:18:05,video_20250910_105621
MMOTCR332,2025-11-06 18:23:27,2025-11-08 00:18:05,video_20250910_105621
SRSTERGZ2,2025-11-06 18:23:27,2025-11-08 00:18:06,video_20250910_105621
ARISES7S,2025-11-06 18:24:54,2025-11-06 21:51:30,video_20250910_105621
FYSSS757,2025-11-06 18:24:56,2025-11-06 21:51:33,video_20250910_105621
971SES77,2025-11-06 18:24:57,2025-11-06 21:51:35,video_20250910_105621
ORIS6T77M,2025-11-06 18:24:58,2025-11-06 21:51:36,video_20250910_105621
ARSSST737,2025-11-06 18:25:00,2025-11-06 21:51:40,video_20250910_105621
PISO757,2025-11-06 18:25:01,2025-11-06 21:51:42,video_20250910_105621
ARSSET77,2025-11-06 18:25:01,2025-11-06 21:51:43,video_20250910_105621
RISSRI7Y7,2025-11-06 18:25:02,2025-11-06 21:51:44,video_20250910_105621
SET757,2025-11-06 18:25:02,2025-11-06 21:51:44,video_20250910_105621
ARISER1257,2025-11-06 18:25:06,2025-11-06 21:51:50,video_20250910_105621
LARISERI257,2025-11-06 18:25:06,2025-11-06 21:51:51,video_20250910_105621
LAR5611257,2025-11-06 18:25:07,2025-11-06 21:51:51,video_20250910_105621
AR15611797,2025-11-06 18:25:07,2025-11-06 21:51:52,video_20250910_105621
ARISES757,2025-11-06 18:25:08,2025-11-06 21:51:53,video_20250910_105621
FAE15671757,2025-11-06 18:25:08,2025-11-06 21:51:54,video_20250910_105621
LARSERT77,2025-11-06 18:25:09,2025-11-06 21:51:55,video_20250910_105621
9P15641757,2025-11-06 18:25:09,2025-11-06 21:51:56,video_20250910_105621
PISET1257,2025-11-06 18:25:10,2025-11-06 21:51:57,video_20250910_105621
PISGY1757,2025-11-06 18:25:11,2025-11-06 21:51:58,video_20250910_105621
PSSGL257,2025-11-06 18:25:11,2025-11-06 21:51:59,video_20250910_105621
LAPI5611297,2025-11-06 18:25:12,2025-11-06 21:52:00,video_20250910_105621
QR15671297,2025-11-06 18:25:13,2025-11-06 21:52:02,video_20250910_105621
FAPSER27,2025-11-06 18:25:13,2025-11-06 21:52:03,video_20250910_105621
UPTS0M8956,2025-11-06 18:25:32,2025-11-06 21:52:32,video_20250910_105621
UP15008956P,2025-11-06 18:25:33,2025-11-06 21:52:33,video_20250910_105621
UPFS0AG956,2025-11-06 18:25:33,2025-11-06 21:52:34,video_20250910_105621
UP1508956,2025-11-06 18:25:34,2025-11-06 21:52:35,video_20250910_105621
UP150NB956A,2025-11-06 18:25:34,2025-11-06 21:52:35,video_20250910_105621
UP15048956AN,2025-11-06 18:25:35,2025-11-06 21:52:36,video_20250910_105621
UP50W8956,2025-11-06 18:25:35,2025-11-06 21:52:38,video_20250910_105621
UP15DWA956A,2025-11-06 18:25:36,2025-11-06 21:52:39,video_20250910_105621
UPTS0W8956,2025-11-06 18:25:37,2025-11-06 21:52:41,video_20250910_105621
UPTSOUA956,2025-11-06 18:25:38,2025-11-06 21:52:43,video_20250910_105621
UPTSONA956,2025-11-06 18:25:38,2025-11-06 21:52:43,video_20250910_105621
UPTSOWE956,2025-11-06 18:25:39,2025-11-06 21:52:44,video_20250910_105621
UPTSOWA956,2025-11-06 18:25:39,2025-11-06 22:44:43,video_20250910_105621
UPTSON9956,2025-11-06 18:25:40,2025-11-06 21:52:45,video_20250910_105621
UPTSOWS9SE,2025-11-06 18:25:40,2025-11-06 21:52:45,video_20250910_105621
UPYSDMA3SE,2025-11-06 18:25:40,2025-11-06 22:44:44,video_20250910_105621
UPTS08956,2025-11-06 18:25:42,2025-11-06 21:52:50,video_20250910_105621
UPFSOKBIS6,2025-11-06 18:25:43,2025-11-06 21:52:51,video_20250910_105621
UPRSVWES56,2025-11-06 18:25:44,2025-11-06 21:52:52,video_20250910_105621
UPSS0V356,2025-11-06 18:25:44,2025-11-06 21:52:53,video_20250910_105621
UPT50K8356,2025-11-06 18:25:45,2025-11-06 21:52:54,video_20250910_105621
UPTSOWESS6VA,2025-11-06 18:25:45,2025-11-06 21:52:54,video_20250910_105621
PYE1S0UAASE,2025-11-06 18:25:47,2025-11-06 21:52:58,video_20250910_105621
PYE1503956,2025-11-06 18:25:48,2025-11-06 21:52:59,video_20250910_105621
UEWS000956,2025-11-06 18:25:49,2025-11-06 21:53:00,video_20250910_105621
YET50KE956,2025-11-06 18:25:49,2025-11-06 21:53:00,video_20250910_105621
UPY5PUESSS,2025-11-06 18:25:50,2025-11-06 21:53:02,video_20250910_105621
FYP1SOVESSE,2025-11-06 18:25:50,2025-11-06 21:53:03,video_20250910_105621
UPT5OWE356,2025-11-06 18:25:51,2025-11-06 21:53:04,video_20250910_105621
YUP15040956,2025-11-06 18:25:52,2025-11-06 21:53:05,video_20250910_105621
FUPTS0W8356,2025-11-06 18:25:52,2025-11-06 21:53:07,video_20250910_105621
UPTSD8S56,2025-11-06 18:25:55,2025-11-06 22:44:49,video_20250910_105621
UPTD8S56,2025-11-06 18:25:55,2025-11-06 21:53:12,video_20250910_105621
PYPTS0V3956,2025-11-06 18:25:56,2025-11-06 21:53:13,video_20250910_105621
UPRSGWE95S,2025-11-06 18:25:58,2025-11-06 21:53:15,video_20250910_105621
UPTSGWS95S,2025-11-06 18:25:58,2025-11-06 21:53:15,video_20250910_105621
FUPTS0WE3SSY,2025-11-06 18:25:58,2025-11-06 21:53:17,video_20250910_105621
PPTS0KA956,2025-11-06 18:25:59,2025-11-06 21:53:18,video_20250910_105621
FUR1S0VEASOY,2025-11-06 18:26:03,2025-11-06 21:53:25,video_20250910_105621
PUP150WE956,2025-11-06 18:26:04,2025-11-06 21:53:26,video_20250910_105621
URSSOVE35S,2025-11-06 18:26:06,2025-11-06 21:53:29,video_20250910_105621
UPVS0NA3SE,2025-11-06 18:26:07,2025-11-06 21:53:31,video_20250910_105621
RORSS0WG3569,2025-11-06 18:26:09,2025-11-06 21:53:35,video_20250910_105621
RY1S08356,2025-11-06 18:26:10,2025-11-06 21:53:37,video_20250910_105621
YUPTS0VESSEY,2025-11-06 18:26:13,2025-11-06 21:53:44,video_20250910_105621
PCPTSSVES56,2025-11-06 18:26:15,2025-11-06 21:53:47,video_20250910_105621
PUPSSCYS55,2025-11-06 18:26:16,2025-11-06 21:53:49,video_20250910_105621
FUP1SD0955,2025-11-06 18:26:17,2025-11-06 21:53:51,video_20250910_105621
RAR15002356,2025-11-06 18:26:19,2025-11-06 21:53:55,video_20250910_105621
FIRIICUE355Y,2025-11-06 18:26:20,2025-11-06 21:53:56,video_20250910_105621
FSPISCWT936,2025-11-06 18:26:27,2025-11-06 21:54:12,video_20250910_105621
PISOTSRA558,2025-11-06 18:26:29,2025-11-06 21:54:15,video_20250910_105621
PYETSCRT5S,2025-11-06 18:26:30,2025-11-06 21:54:18,video_20250910_105621
PURSES69,2025-11-06 18:26:35,2025-11-06 21:54:29,video_20250910_105621
PORTE4,2025-11-06 18:26:48,2025-11-06 21:54:54,video_20250910_105621
UP15021777,2025-11-06 18:26:49,2025-11-06 22:45:07,video_20250910_105621
WISII7Y,2025-11-06 18:26:50,2025-11-06 21:54:59,video_20250910_105621
POETAI5,2025-11-06 18:26:55,2025-11-06 21:55:08,video_20250910_105621
UP15921777,2025-11-06 18:26:56,2025-11-06 21:55:09,video_20250910_105621
UP95021777,2025-11-06 18:26:57,2025-11-06 21:55:12,video_20250910_105621
UP1S021777,2025-11-06 18:26:58,2025-11-06 22:45:06,video_20250910_105621
UP18971777,2025-11-06 18:27:01,2025-11-06 21:55:18,video_20250910_105621
UPISD21777,2025-11-06 18:27:04,2025-11-06 22:45:06,video_20250910_105621
UP1SO21777,2025-11-06 18:27:05,2025-11-06 21:55:25,video_20250910_105621
UP15D23727,2025-11-06 18:27:05,2025-11-06 21:55:26,video_20250910_105621
UP15021779,2025-11-06 18:27:06,2025-11-06 21:55:27,video_20250910_105621
YP15021777,2025-11-06 18:27:07,2025-11-06 21:55:29,video_20250910_105621
UP15024777,2025-11-06 18:27:07,2025-11-06 21:55:30,video_20250910_105621
UP18073777,2025-11-06 18:27:08,2025-11-06 21:55:31,video_20250910_105621
UP47449053,2025-11-06 18:27:48,2025-11-06 22:45:17,video_20250910_105621
UP1743953,2025-11-06 18:27:51,2025-11-06 21:56:43,video_20250910_105621
UP17AA3053,2025-11-06 18:27:52,2025-11-06 22:45:19,video_20250910_105621
74IAHTS5,2025-11-06 18:27:59,2025-11-06 21:56:55,video_20250910_105621
TUP17419053,2025-11-06 18:28:01,2025-11-06 21:56:57,video_20250910_105621
UP174139053,2025-11-06 18:28:01,2025-11-06 21:56:58,video_20250910_105621
UP17443053,2025-11-06 18:28:05,2025-11-06 22:45:18,video_20250910_105621
UPI0305,2025-11-06 18:28:10,2025-11-06 21:57:12,video_20250910_105621
RISSIS0S3,2025-11-06 18:28:13,2025-11-06 21:57:17,video_20250910_105621
TUR17I13053,2025-11-06 18:28:14,2025-11-06 21:57:18,video_20250910_105621
VPITANN053,2025-11-06 18:28:14,2025-11-06 21:57:19,video_20250910_105621
A46788509,2025-11-06 18:30:04,2025-11-06 22:00:02,video_20250910_105621
S1886A,2025-11-06 18:30:09,2025-11-06 22:00:11,video_20250910_105621
UATCONE16,2025-11-06 18:30:16,2025-11-06 22:00:26,video_20250910_105621
GLIT7865,2025-11-06 18:30:16,2025-11-06 22:00:26,video_20250910_105621
EOLICT7BC5,2025-11-06 18:30:19,2025-11-06 22:00:31,video_20250910_105621
ONDE16,2025-11-06 18:30:20,2025-11-06 22:00:33,video_20250910_105621
TUPTCOMEE16,2025-11-06 18:30:22,2025-11-06 22:00:36,video_20250910_105621
UPLCORÉ66,2025-11-06 18:30:22,2025-11-06 22:00:37,video_20250910_105621
FOUR705,2025-11-06 18:30:22,2025-11-06 22:00:37,video_20250910_105621
ATER7045,2025-11-06 18:30:25,2025-11-06 22:00:42,video_20250910_105621
OL10H725,2025-11-06 18:30:25,2025-11-06 22:00:43,video_20250910_105621
1UBICONDSISF,2025-11-06 18:30:26,2025-11-06 22:00:43,video_20250910_105621
FOLICT785,2025-11-06 18:30:27,2025-11-06 22:00:46,video_20250910_105621
VP1ZO4SEIS,2025-11-06 18:30:28,2025-11-06 22:00:47,video_20250910_105621
FOUC77825,2025-11-06 18:30:28,2025-11-06 22:00:47,video_20250910_105621
QUICT7825,2025-11-06 18:30:31,2025-11-06 22:00:52,video_20250910_105621
BLUCT745,2025-11-06 18:30:32,2025-11-06 22:00:53,video_20250910_105621
AY5PER,2025-11-06 18:31:42,2025-11-06 22:02:47,video_20250910_105621
OR7SRI232,2025-11-06 18:32:16,2025-11-06 18:32:16,video_20250910_105621
UPBFAZ323,2025-11-06 18:32:30,2025-11-06 18:32:30,video_20250910_105621
UPTAFA2323,2025-11-06 18:32:32,2025-11-06 22:46:59,video_20250910_105621
UPDTEICA50H,2025-11-06 18:33:44,2025-11-06 18:33:44,video_20250910_105621
URAJC050,2025-11-06 18:33:47,2025-11-06 18:33:47,video_20250910_105621
UP77NJE050,2025-11-06 18:33:49,2025-11-06 18:33:49,video_20250910_105621
MFOR320COO,2025-11-06 18:33:49,2025-11-06 18:33:49,video_20250910_105621
RAZML450,2025-11-06 18:33:50,2025-11-06 18:33:50,video_20250910_105621
ARSSCT0,2025-11-06 18:33:51,2025-11-06 18:33:51,video_20250910_105621
P17246850,2025-11-06 18:33:52,2025-11-06 18:33:52,video_20250910_105621
AURSZE3CTO,2025-11-06 18:33:53,2025-11-06 18:33:53,video_20250910_105621
YPAAZNJLE50,2025-11-06 18:33:53,2025-11-06 18:33:53,video_20250910_105621
URA204050,2025-11-06 18:33:54,2025-11-06 18:33:54,video_20250910_105621
UR37WE850,2025-11-06 18:33:55,2025-11-06 18:33:55,video_20250910_105621
UPIZN12859,2025-11-06 18:33:55,2025-11-06 18:33:55,video_20250910_105621
BBVR320050,2025-11-06 18:33:56,2025-11-06 18:33:56,video_20250910_105621
BTVAC850,2025-11-06 18:33:56,2025-11-06 18:33:56,video_20250910_105621
UP3ZNJ050,2025-11-06 18:33:59,2025-11-06 22:47:26,video_20250910_105621
UP32N12050,2025-11-06 18:34:00,2025-11-06 22:47:27,video_20250910_105621
UP32H12050,2025-11-06 18:34:01,2025-11-06 22:47:27,video_20250910_105621
UPI7J4850,2025-11-06 18:34:02,2025-11-06 18:34:02,video_20250910_105621
IVRAZNSCES0,2025-11-06 18:34:02,2025-11-06 18:34:02,video_20250910_105621
OE32X050,2025-11-06 18:34:03,2025-11-06 18:34:03,video_20250910_105621
MPY7L20514,2025-11-06 18:34:08,2025-11-06 18:34:08,video_20250910_105621
YUPT7L2051,2025-11-06 18:34:09,2025-11-06 18:34:09,video_20250910_105621
PHIR20ST,2025-11-06 18:34:09,2025-11-06 18:34:09,video_20250910_105621
FOO2051,2025-11-06 18:34:12,2025-11-06 18:34:12,video_20250910_105621
7ERNMOST,2025-11-06 18:34:14,2025-11-06 18:34:14,video_20250910_105621
7WIRE205,2025-11-06 18:34:17,2025-11-06 18:34:17,video_20250910_105621
YUPSLM5,2025-11-06 18:34:19,2025-11-06 18:34:19,video_20250910_105621
UPS7LUSR,2025-11-06 18:34:21,2025-11-06 18:34:21,video_20250910_105621
UPI7LOT,2025-11-06 18:34:22,2025-11-06 18:34:22,video_20250910_105621
SARU70511,2025-11-06 18:34:29,2025-11-06 18:34:29,video_20250910_105621
WR2251,2025-11-06 18:34:33,2025-11-06 18:34:33,video_20250910_105621
YOANN5,2025-11-06 18:34:42,2025-11-06 18:34:42,video_20250910_105621
XEFHE4,2025-11-06 18:36:41,2025-11-06 18:36:41,video_20250910_105621
WI20E7602,2025-11-06 22:18:38,2025-11-06 22:18:38,WhatsApp Image 2025-11-04 at 00
UPISEF9525,2025-11-06 22:37:03,2025-11-06 22:40:24,a4
UP1SEF35254,2025-11-06 22:43:22,2025-11-06 22:43:22,video_20250910_105621
TPYSEF952,2025-11-06 22:43:22,2025-11-06 22:43:22,video_20250910_105621
UPISERS323,2025-11-06 22:43:23,2025-11-06 22:43:23,video_20250910_105621
RERRSTR3579,2025-11-06 22:43:25,2025-11-06 22:43:25,video_20250910_105621
UPISEF2529,2025-11-06 22:43:27,2025-11-06 22:43:27,video_20250910_105621
UPISEFIS25,2025-11-06 22:43:28,2025-11-06 22:43:28,video_20250910_105621
UPISEFGS2Y,2025-11-06 22:43:29,2025-11-06 22:43:29,video_20250910_105621
PURISEF525,2025-11-06 22:43:29,2025-11-06 22:43:29,video_20250910_105621
UPISEFISZ5,2025-11-06 22:43:29,2025-11-06 22:43:36,video_20250910_105621
UPSEF3525,2025-11-06 22:43:30,2025-11-06 22:43:30,video_20250910_105621
PUPIEF9525,2025-11-06 22:43:30,2025-11-06 22:43:30,video_20250910_105621
IE15EF3525,2025-11-06 22:43:30,2025-11-06 22:43:30,video_20250910_105621
PORISER35254,2025-11-06 22:43:31,2025-11-06 22:43:31,video_20250910_105621
PUPISEF9525,2025-11-06 22:43:31,2025-11-06 22:43:31,video_20250910_105621
FUPSEF9525,2025-11-06 22:43:32,2025-11-06 22:43:32,video_20250910_105621
UPISEFSS291,2025-11-06 22:43:33,2025-11-06 22:43:33,video_20250910_105621
FUPISEF9525,2025-11-06 22:43:34,2025-11-06 22:43:34,video_20250910_105621
UPTSEFIS25,2025-11-06 22:43:34,2025-11-06 22:43:34,video_20250910_105621
ORSSEF3525,2025-11-06 22:43:34,2025-11-06 22:43:34,video_20250910_105621
UP1SEF9925,2025-11-06 22:43:35,2025-11-06 22:43:35,video_20250910_105621
UP15EF9925,2025-11-06 22:43:35,2025-11-06 22:43:35,video_20250910_105621
PURSSER3523,2025-11-06 22:43:35,2025-11-06 22:43:35,video_20250910_105621
URSEF9525,2025-11-06 22:43:36,2025-11-06 22:43:36,video_20250910_105621
OP15EF9525,2025-11-06 22:43:36,2025-11-06 22:43:36,video_20250910_105621
UP15EF9525,2025-11-06 22:43:37,2025-11-06 22:43:37,video_20250910_105621
UR1SEF9525,2025-11-06 22:43:38,2025-11-06 22:43:39,video_20250910_105621
UP15F3525,2025-11-06 22:43:38,2025-11-06 22:43:38,video_20250910_105621
UP1SEF9525,2025-11-06 22:43:38,2025-11-06 22:43:38,video_20250910_105621
FIPISERSS25,2025-11-06 22:43:38,2025-11-06 22:43:38,video_20250910_105621
UPSEFS525,2025-11-06 22:43:38,2025-11-06 22:43:38,video_20250910_105621
FUPISEFI9Z,2025-11-06 22:43:39,2025-11-06 22:43:39,video_20250910_105621
UP1SEF3525,2025-11-06 22:43:39,2025-11-06 22:43:39,video_20250910_105621
FUPISEFSS25,2025-11-06 22:43:40,2025-11-06 22:43:40,video_20250910_105621
FRUR1SEF9525,2025-11-06 22:43:40,2025-11-06 22:43:40,video_20250910_105621
FUPSEF9923,2025-11-06 22:43:40,2025-11-06 22:43:40,video_20250910_105621
CHD1P9212,2025-11-06 22:43:42,2025-11-06 22:43:42,video_20250910_105621
CHOCP9212,2025-11-06 22:43:42,2025-11-06 22:43:42,video_20250910_105621
CHO1CP9212,2025-11-06 22:43:43,2025-11-06 22:43:43,video_20250910_105621
CHOICP9212,2025-11-06 22:43:43,2025-11-06 22:43:45,video_20250910_105621
CHOICPS212,2025-11-06 22:43:43,2025-11-06 22:43:43,video_20250910_105621
CHOILPR212,2025-11-06 22:43:44,2025-11-06 22:43:44,video_20250910_105621
CHOILP9212,2025-11-06 22:43:44,2025-11-06 22:43:44,video_20250910_105621
CHOICE9212,2025-11-06 22:43:45,2025-11-06 22:43:45,video_20250910_105621
CHOICP921Z,2025-11-06 22:43:46,2025-11-06 22:43:46,video_20250910_105621
CHOICPI212,2025-11-06 22:43:46,2025-11-06 22:43:46,video_20250910_105621
CHOICR9ZYZ,2025-11-06 22:43:47,2025-11-06 22:43:47,video_20250910_105621
CUA1CEG2T2,2025-11-06 22:43:48,2025-11-06 22:43:48,video_20250910_105621
PCHO1CP9212,2025-11-06 22:43:48,2025-11-06 22:43:48,video_20250910_105621
THDICRIZ12,2025-11-06 22:43:49,2025-11-06 22:43:49,video_20250910_105621
TADICPIZ2,2025-11-06 22:43:50,2025-11-06 22:43:50,video_20250910_105621
UYCP3212,2025-11-06 22:43:51,2025-11-06 22:43:51,video_20250910_105621
ARIES77,2025-11-06 22:44:21,2025-11-06 22:44:21,video_20250910_105621
PGRVESRI7S7,2025-11-06 22:44:24,2025-11-06 22:44:24,video_20250910_105621
PARISH7,2025-11-06 22:44:25,2025-11-06 22:44:25,video_20250910_105621
PERICATT77,2025-11-06 22:44:26,2025-11-06 22:44:26,video_20250910_105621
ARISES707,2025-11-06 22:44:27,2025-11-06 22:44:27,video_20250910_105621
PERISET1797,2025-11-06 22:44:27,2025-11-06 22:44:27,video_20250910_105621
FARSSERT77,2025-11-06 22:44:28,2025-11-06 22:44:28,video_20250910_105621
PPRSERT757,2025-11-06 22:44:28,2025-11-06 22:44:28,video_20250910_105621
PARISET757,2025-11-06 22:44:29,2025-11-06 22:44:29,video_20250910_105621
PUPISGE797,2025-11-06 22:44:30,2025-11-06 22:44:30,video_20250910_105621
ARISETI797,2025-11-06 22:44:30,2025-11-06 22:44:30,video_20250910_105621
PARISERI747,2025-11-06 22:44:30,2025-11-06 22:44:30,video_20250910_105621
PGT797,2025-11-06 22:44:31,2025-11-06 22:44:31,video_20250910_105621
P18611797,2025-11-06 22:44:32,2025-11-06 22:44:32,video_20250910_105621
FISTI797,2025-11-06 22:44:32,2025-11-06 22:44:32,video_20250910_105621
APISERT797,2025-11-06 22:44:32,2025-11-06 22:44:32,video_20250910_105621
PASTI747,2025-11-06 22:44:32,2025-11-06 22:44:32,video_20250910_105621
JAPVSERI757,2025-11-06 22:44:33,2025-11-06 22:44:33,video_20250910_105621
QP15671257,2025-11-06 22:44:33,2025-11-06 22:44:33,video_20250910_105621
PSE297,2025-11-06 22:44:33,2025-11-06 22:44:33,video_20250910_105621
PSE1297,2025-11-06 22:44:34,2025-11-06 22:44:34,video_20250910_105621
PAPISE1257,2025-11-06 22:44:34,2025-11-06 22:44:34,video_20250910_105621
P561257,2025-11-06 22:44:34,2025-11-06 22:44:34,video_20250910_105621
PFISGT1747,2025-11-06 22:44:34,2025-11-06 22:44:34,video_20250910_105621
BP15611757,2025-11-06 22:44:35,2025-11-06 22:44:35,video_20250910_105621
PISGRI257,2025-11-06 22:44:35,2025-11-06 22:44:35,video_20250910_105621
EGY1757,2025-11-06 22:44:35,2025-11-06 22:44:35,video_20250910_105621
PISGT1757,2025-11-06 22:44:36,2025-11-06 22:44:36,video_20250910_105621
FQPVS611257,2025-11-06 22:44:36,2025-11-06 22:44:36,video_20250910_105621
LAR15671257,2025-11-06 22:44:36,2025-11-06 22:44:36,video_20250910_105621
ARISE71297,2025-11-06 22:44:37,2025-11-06 22:44:37,video_20250910_105621
4P1561257,2025-11-06 22:44:37,2025-11-06 22:44:37,video_20250910_105621
FUP15048956,2025-11-06 22:44:40,2025-11-06 22:44:40,video_20250910_105621
UP15008956,2025-11-06 22:44:41,2025-11-06 22:44:41,video_20250910_105621
UPFS0AG56,2025-11-06 22:44:41,2025-11-06 22:44:41,video_20250910_105621
UP150N8956,2025-11-06 22:44:41,2025-11-06 22:44:41,video_20250910_105621
UP15048956,2025-11-06 22:44:42,2025-11-06 22:44:42,video_20250910_105621
YVPSSPW09S6,2025-11-06 22:44:42,2025-11-06 22:44:42,video_20250910_105621
UP15DW8956,2025-11-06 22:44:42,2025-11-06 22:44:42,video_20250910_105621
UP1S0WB956,2025-11-06 22:44:42,2025-11-06 22:44:42,video_20250910_105621
UPT50K8956,2025-11-06 22:44:43,2025-11-06 22:44:43,video_20250910_105621
UPT5OWA95E,2025-11-06 22:44:43,2025-11-06 22:44:43,video_20250910_105621
UPTSOK89565,2025-11-06 22:44:44,2025-11-06 22:44:44,video_20250910_105621
UPTSOWS956,2025-11-06 22:44:45,2025-11-06 22:44:45,video_20250910_105621
UPTSOKBI56,2025-11-06 22:44:45,2025-11-06 22:44:45,video_20250910_105621
UP1SOWBSSE,2025-11-06 22:44:46,2025-11-06 22:44:46,video_20250910_105621
UPTSOWESS6,2025-11-06 22:44:46,2025-11-06 22:44:46,video_20250910_105621
YP1503986,2025-11-06 22:44:47,2025-11-06 22:44:47,video_20250910_105621
PYE150NS9S6,2025-11-06 22:44:47,2025-11-06 22:44:47,video_20250910_105621
UPTS0R0956,2025-11-06 22:44:47,2025-11-06 22:44:47,video_20250910_105621
UPYSDWES5OQ,2025-11-06 22:44:47,2025-11-06 22:44:47,video_20250910_105621
FUR15008256,2025-11-06 22:44:48,2025-11-06 22:44:48,video_20250910_105621
FUP15048355,2025-11-06 22:44:48,2025-11-06 22:44:48,video_20250910_105621
UPS0WESSSY,2025-11-06 22:44:48,2025-11-06 22:44:48,video_20250910_105621
FUPTSDW3355,2025-11-06 22:44:49,2025-11-06 22:44:49,video_20250910_105621
FUPIS0W3956,2025-11-06 22:44:49,2025-11-06 22:44:49,video_20250910_105621
TYPY5008956,2025-11-06 22:44:49,2025-11-06 22:44:49,video_20250910_105621
FUP5CW29569,2025-11-06 22:44:50,2025-11-06 22:44:50,video_20250910_105621
UP150V09S6,2025-11-06 22:44:50,2025-11-06 22:44:50,video_20250910_105621
RUPTSDYBSS6,2025-11-06 22:44:50,2025-11-06 22:44:50,video_20250910_105621
FUP1S08955,2025-11-06 22:44:51,2025-11-06 22:44:51,video_20250910_105621
FUR150W2956,2025-11-06 22:44:51,2025-11-06 22:44:51,video_20250910_105621
UP1500296,2025-11-06 22:44:51,2025-11-06 22:44:51,video_20250910_105621
UP150W8956,2025-11-06 22:44:51,2025-11-06 22:44:51,video_20250910_105621
UPTSOVESS69,2025-11-06 22:44:52,2025-11-06 22:44:52,video_20250910_105621
FUP1503555,2025-11-06 22:44:52,2025-11-06 22:44:52,video_20250910_105621
UPSOVAS5SY,2025-11-06 22:44:52,2025-11-06 22:44:52,video_20250910_105621
FR1S08350,2025-11-06 22:44:53,2025-11-06 22:44:53,video_20250910_105621
FOR930V9356,2025-11-06 22:44:53,2025-11-06 22:44:53,video_20250910_105621
V71S0US3SS,2025-11-06 22:44:53,2025-11-06 22:44:53,video_20250910_105621
FYRT5OE835E,2025-11-06 22:44:53,2025-11-06 22:44:53,video_20250910_105621
UP1S0H9555,2025-11-06 22:44:53,2025-11-06 22:44:53,video_20250910_105621
UR5035,2025-11-06 22:44:54,2025-11-06 22:44:54,video_20250910_105621
PCRISCVS356,2025-11-06 22:44:55,2025-11-06 22:44:55,video_20250910_105621
PURISORA3S6,2025-11-06 22:44:55,2025-11-06 22:44:55,video_20250910_105621
FURSO09SS,2025-11-06 22:44:55,2025-11-06 22:44:55,video_20250910_105621
ERISCUTE5,2025-11-06 22:44:57,2025-11-06 22:44:57,video_20250910_105621
VPRSAZ1777,2025-11-06 22:45:01,2025-11-06 22:45:01,video_20250910_105621
UP15071777,2025-11-06 22:45:02,2025-11-06 22:45:02,video_20250910_105621
UP5021777,2025-11-06 22:45:03,2025-11-06 22:45:04,video_20250910_105621
LUPISOZ1777,2025-11-06 22:45:04,2025-11-06 22:45:04,video_20250910_105621
UP15971777,2025-11-06 22:45:05,2025-11-06 22:45:05,video_20250910_105621
UP15023777,2025-11-06 22:45:07,2025-11-06 22:45:07,video_20250910_105621
UPTS0Z9777,2025-11-06 22:45:07,2025-11-06 22:45:07,video_20250910_105621
URISOZ1777,2025-11-06 22:45:08,2025-11-06 22:45:09,video_20250910_105621
DPSO71772,2025-11-06 22:45:09,2025-11-06 22:45:09,video_20250910_105621
UPTSA2I77,2025-11-06 22:45:10,2025-11-06 22:45:10,video_20250910_105621
CPTICC777,2025-11-06 22:45:12,2025-11-06 22:45:12,video_20250910_105621
ERESTAZ4,2025-11-06 22:45:16,2025-11-06 22:45:16,video_20250910_105621
TURIZAISOS3,2025-11-06 22:45:17,2025-11-06 22:45:17,video_20250910_105621
UPS7ANSOS3,2025-11-06 22:45:18,2025-11-06 22:45:18,video_20250910_105621
UP17449053,2025-11-06 22:45:18,2025-11-06 22:45:18,video_20250910_105621
UPT7A4S053,2025-11-06 22:45:18,2025-11-06 22:45:18,video_20250910_105621
UP1749053,2025-11-06 22:45:19,2025-11-06 22:45:19,video_20250910_105621
VP17423053,2025-11-06 22:45:19,2025-11-06 22:45:19,video_20250910_105621
UP174AG0S3J,2025-11-06 22:45:20,2025-11-06 22:45:20,video_20250910_105621
UP171N3053,2025-11-06 22:45:21,2025-11-06 22:45:21,video_20250910_105621
UP17413053,2025-11-06 22:45:21,2025-11-06 22:45:21,video_20250910_105621
URI7213053,2025-11-06 22:45:21,2025-11-06 22:45:21,video_20250910_105621
URI7AA3053,2025-11-06 22:45:22,2025-11-06 22:45:22,video_20250910_105621
UY17443053,2025-11-06 22:45:23,2025-11-06 22:45:23,video_20250910_105621
TURIZAIGOS3,2025-11-06 22:45:24,2025-11-06 22:45:24,video_20250910_105621
TOES7AT30S3,2025-11-06 22:45:26,2025-11-06 22:45:26,video_20250910_105621
FIRESS13,2025-11-06 22:45:59,2025-11-06 22:45:59,video_20250910_105621
Y81745516,2025-11-06 22:46:01,2025-11-06 22:46:01,video_20250910_105621
UST26616,2025-11-06 22:46:02,2025-11-06 22:46:02,video_20250910_105621
PASARE75,2025-11-06 22:46:03,2025-11-06 22:46:03,video_20250910_105621
AQICT7845,2025-11-06 22:46:04,2025-11-06 22:46:04,video_20250910_105621
OLICT7BC5,2025-11-06 22:46:04,2025-11-06 22:46:04,video_20250910_105621
POLICT7BC5,2025-11-06 22:46:04,2025-11-06 22:46:04,video_20250910_105621
POLICT7ACS,2025-11-06 22:46:05,2025-11-06 22:46:05,video_20250910_105621
FOL1TT7RZS,2025-11-06 22:46:05,2025-11-06 22:46:05,video_20250910_105621
UF1CONSE64,2025-11-06 22:46:06,2025-11-06 22:46:06,video_20250910_105621
POLICH7AC5,2025-11-06 22:46:07,2025-11-06 22:46:07,video_20250910_105621
UP1COEES16,2025-11-06 22:46:07,2025-11-06 22:46:07,video_20250910_105621
UPRE0RE616,2025-11-06 22:46:08,2025-11-06 22:46:08,video_20250910_105621
OLICT7845,2025-11-06 22:46:08,2025-11-06 22:46:08,video_20250910_105621
1UPLCORGEI,2025-11-06 22:46:09,2025-11-06 22:46:09,video_20250910_105621
OLTY70CS,2025-11-06 22:46:09,2025-11-06 22:46:09,video_20250910_105621
UF1206616,2025-11-06 22:46:09,2025-11-06 22:46:09,video_20250910_105621
OL1077825,2025-11-06 22:46:09,2025-11-06 22:46:09,video_20250910_105621
OLICT7825,2025-11-06 22:46:09,2025-11-06 22:46:09,video_20250910_105621
BURTCONG616,2025-11-06 22:46:09,2025-11-06 22:46:09,video_20250910_105621
OUICT7RES,2025-11-06 22:46:10,2025-11-06 22:46:10,video_20250910_105621
7UPIZO6T6F,2025-11-06 22:46:10,2025-11-06 22:46:10,video_20250910_105621
UP1C0MÉ6164,2025-11-06 22:46:10,2025-11-06 22:46:10,video_20250910_105621
FOLICT7845,2025-11-06 22:46:10,2025-11-06 22:46:10,video_20250910_105621
FOLIC78259,2025-11-06 22:46:11,2025-11-06 22:46:11,video_20250910_105621
UPTZ0NGE16,2025-11-06 22:46:11,2025-11-06 22:46:11,video_20250910_105621
PO1C77BC5,2025-11-06 22:46:11,2025-11-06 22:46:11,video_20250910_105621
DL1C7B45,2025-11-06 22:46:12,2025-11-06 22:46:12,video_20250910_105621
LTR725,2025-11-06 22:46:13,2025-11-06 22:46:13,video_20250910_105621
DLTET78S,2025-11-06 22:46:13,2025-11-06 22:46:13,video_20250910_105621
PORE02323,2025-11-06 22:46:55,2025-11-06 22:46:55,video_20250910_105621
OP7SR2323,2025-11-06 22:46:55,2025-11-06 22:46:55,video_20250910_105621
URRARA23ZD,2025-11-06 22:46:56,2025-11-06 22:46:56,video_20250910_105621
FORENA7Y,2025-11-06 22:46:56,2025-11-06 22:46:56,video_20250910_105621
FORTERNZ373,2025-11-06 22:46:57,2025-11-06 22:46:57,video_20250910_105621
PORSERNZ323,2025-11-06 22:46:57,2025-11-06 22:46:57,video_20250910_105621
PURSER62323,2025-11-06 22:46:57,2025-11-06 22:46:57,video_20250910_105621
PEARAZAZ3,2025-11-06 22:46:58,2025-11-06 22:46:58,video_20250910_105621
UP7ERIZ323,2025-11-06 22:46:58,2025-11-06 22:46:58,video_20250910_105621
WEYARAZI235,2025-11-06 22:46:59,2025-11-06 22:46:59,video_20250910_105621
UP76FAZ323,2025-11-06 22:46:59,2025-11-06 22:46:59,video_20250910_105621
UPRARIZ323,2025-11-06 22:47:00,2025-11-06 22:47:00,video_20250910_105621
UP7EFAZ323,2025-11-06 22:47:00,2025-11-06 22:47:00,video_20250910_105621
UP7EFA2323,2025-11-06 22:47:01,2025-11-06 22:47:01,video_20250910_105621
WERAZ329,2025-11-06 22:47:01,2025-11-06 22:47:01,video_20250910_105621
UP7EF42323,2025-11-06 22:47:02,2025-11-06 22:47:02,video_20250910_105621
YP7ARA2323,2025-11-06 22:47:02,2025-11-06 22:47:02,video_20250910_105621
CP72642323,2025-11-06 22:47:02,2025-11-06 22:47:02,video_20250910_105621
PSRIIESS2,2025-11-06 22:47:20,2025-11-06 22:47:20,video_20250910_105621
WR9103850,2025-11-06 22:47:21,2025-11-06 22:47:21,video_20250910_105621
FERAZESC8,2025-11-06 22:47:21,2025-11-06 22:47:21,video_20250910_105621
FOORZASC050,2025-11-06 22:47:22,2025-11-06 22:47:22,video_20250910_105621
WOR32032850,2025-11-06 22:47:23,2025-11-06 22:47:23,video_20250910_105621
UP32N50,2025-11-06 22:47:23,2025-11-06 22:47:23,video_20250910_105621
TURS2NSCTS0F,2025-11-06 22:47:23,2025-11-06 22:47:23,video_20250910_105621
UP3ZWJ2E50,2025-11-06 22:47:24,2025-11-06 22:47:24,video_20250910_105621
UR37422850,2025-11-06 22:47:24,2025-11-06 22:47:24,video_20250910_105621
UPI2M6050,2025-11-06 22:47:24,2025-11-06 22:47:24,video_20250910_105621
UR3701050,2025-11-06 22:47:25,2025-11-06 22:47:25,video_20250910_105621
UP3Z4JL050,2025-11-06 22:47:25,2025-11-06 22:47:25,video_20250910_105621
P3712850,2025-11-06 22:47:26,2025-11-06 22:47:26,video_20250910_105621
UP32NJLESO,2025-11-06 22:47:26,2025-11-06 22:47:26,video_20250910_105621
WTUPSZNC650,2025-11-06 22:47:26,2025-11-06 22:47:26,video_20250910_105621
UP3241950,2025-11-06 22:47:27,2025-11-06 22:47:27,video_20250910_105621
FRS202950,2025-11-06 22:47:27,2025-11-06 22:47:27,video_20250910_105621
UP3ZNJCAS0,2025-11-06 22:47:27,2025-11-06 22:47:27,video_20250910_105621
BVESZEE050,2025-11-06 22:47:28,2025-11-06 22:47:28,video_20250910_105621
P172081,2025-11-06 22:47:29,2025-11-06 22:47:29,video_20250910_105621
UPT7L2051,2025-11-06 22:47:29,2025-11-06 22:47:29,video_20250910_105621
FYUPT7I2051,2025-11-06 22:47:29,2025-11-06 22:47:29,video_20250910_105621
UPTL2081,2025-11-06 22:47:29,2025-11-06 22:47:29,video_20250910_105621
UPY12051,2025-11-06 22:47:30,2025-11-06 22:47:30,video_20250910_105621
RYPR7L2051,2025-11-06 22:47:30,2025-11-06 22:47:30,video_20250910_105621
YET1205,2025-11-06 22:47:30,2025-11-06 22:47:30,video_20250910_105621
PUPI7T2051,2025-11-06 22:47:30,2025-11-06 22:47:30,video_20250910_105621
PUPSU2058,2025-11-06 22:47:30,2025-11-06 22:47:30,video_20250910_105621
IFUPT7L20511,2025-11-06 22:47:31,2025-11-06 22:47:31,video_20250910_105621
PUPAT2051,2025-11-06 22:47:31,2025-11-06 22:47:31,video_20250910_105621
TUPT1205,2025-11-06 22:47:31,2025-11-06 22:47:31,video_20250910_105621
UPATL2051,2025-11-06 22:47:31,2025-11-06 22:47:34,video_20250910_105621
TUPI7081,2025-11-06 22:47:32,2025-11-06 22:47:32,video_20250910_105621
UPI12051,2025-11-06 22:47:32,2025-11-06 22:47:32,video_20250910_105621
PUPS7T205,2025-11-06 22:47:32,2025-11-06 22:47:32,video_20250910_105621
TUPS7T2051,2025-11-06 22:47:32,2025-11-06 22:47:32,video_20250910_105621
PVL2051,2025-11-06 22:47:32,2025-11-06 22:47:32,video_20250910_105621
PURI120S,2025-11-06 22:47:33,2025-11-06 22:47:33,video_20250910_105621
UPS2051,2025-11-06 22:47:33,2025-11-06 22:47:33,video_20250910_105621
TVERT2051,2025-11-06 22:47:33,2025-11-06 22:47:33,video_20250910_105621
UPTFL2057,2025-11-06 22:47:33,2025-11-06 22:47:33,video_20250910_105621
PPUPI7T2081,2025-11-06 22:47:34,2025-11-06 22:47:34,video_20250910_105621
UPI7L2051,2025-11-06 22:47:34,2025-11-06 22:47:34,video_20250910_105621
TUES2051,2025-11-06 22:47:34,2025-11-06 22:47:34,video_20250910_105621
YUPI7L2051,2025-11-06 22:47:34,2025-11-06 22:47:34,video_20250910_105621
PTT2059,2025-11-06 22:47:35,2025-11-06 22:47:35,video_20250910_105621
RRV72051,2025-11-06 22:47:35,2025-11-06 22:47:35,video_20250910_105621
TUPA7205,2025-11-06 22:47:35,2025-11-06 22:47:35,video_20250910_105621
UPY72054,2025-11-06 22:47:35,2025-11-06 22:47:35,video_20250910_105621
YURY120831,2025-11-06 22:47:35,2025-11-06 22:47:35,video_20250910_105621
VUEY7T205,2025-11-06 22:47:36,2025-11-06 22:47:36,video_20250910_105621
UPITL2051,2025-11-06 22:47:36,2025-11-06 22:47:36,video_20250910_105621
MURI205,2025-11-06 22:47:36,2025-11-06 22:47:36,video_20250910_105621
MYPTT2051,2025-11-06 22:47:36,2025-11-06 22:47:36,video_20250910_105621
TYRER2087,2025-11-06 22:47:37,2025-11-06 22:47:37,video_20250910_105621
MPS205,2025-11-06 22:47:37,2025-11-06 22:47:37,video_20250910_105621
PUPITL05,2025-11-06 22:47:37,2025-11-06 22:47:37,video_20250910_105621
ERR285,2025-11-06 22:47:37,2025-11-06 22:47:37,video_20250910_105621
MYPSTL708,2025-11-06 22:47:37,2025-11-06 22:47:37,video_20250910_105621
PYPTTL1951,2025-11-06 22:47:38,2025-11-06 22:47:38,video_20250910_105621
FURS205,2025-11-06 22:47:38,2025-11-06 22:47:38,video_20250910_105621
PERIL2051,2025-11-06 22:47:38,2025-11-06 22:47:38,video_20250910_105621
PPTL2ST,2025-11-06 22:47:39,2025-11-06 22:47:39,video_20250910_105621
PON2358,2025-11-06 22:47:40,2025-11-06 22:47:40,video_20250910_105621
MUPETL151,2025-11-06 22:47:40,2025-11-06 22:47:40,video_20250910_105621
OAN1051,2025-11-06 22:47:41,2025-11-06 22:47:41,video_20250910_105621
S53140,2025-11-06 22:55:41,2025-11-07 21:38:54,video_20250911_175612
ITS1RE,2025-11-06 22:55:42,2025-11-07 21:38:55,video_20250911_175612
YOS74S,2025-11-06 22:55:43,2025-11-07 21:38:57,video_20250911_175612
SE5740,2025-11-06 22:56:07,2025-11-07 21:39:29,video_20250911_175612
STST40,2025-11-06 22:56:07,2025-11-07 21:39:29,video_20250911_175612
LEST4A,2025-11-06 22:56:07,2025-11-07 21:39:29,video_20250911_175612
STST4O,2025-11-06 22:56:12,2025-11-07 21:39:35,video_20250911_175612
ÉF5740,2025-11-06 22:56:14,2025-11-07 21:39:38,video_20250911_175612
2ATTRY,2025-11-06 22:56:18,2025-11-07 21:39:43,video_20250911_175612
BESTS0,2025-11-06 22:56:21,2025-11-07 21:39:46,video_20250911_175612
SISTA0,2025-11-06 22:56:22,2025-11-07 21:39:47,video_20250911_175612
STST4Q,2025-11-06 22:56:23,2025-11-07 21:39:49,video_20250911_175612
ÉTST4Q,2025-11-06 22:56:25,2025-11-07 21:39:51,video_20250911_175612
S13140,2025-11-06 22:56:30,2025-11-07 21:39:57,video_20250911_175612
EI3140,2025-11-06 22:56:32,2025-11-07 21:40:00,video_20250911_175612
LEST40,2025-11-06 22:56:33,2025-11-07 21:40:23,video_20250911_175612
ATS740,2025-11-06 22:56:34,2025-11-07 21:40:02,video_20250911_175612
ST5740,2025-11-06 22:56:34,2025-11-07 21:40:03,video_20250911_175612
HTSI70,2025-11-06 22:56:45,2025-11-07 21:40:16,video_20250911_175612
LT5440,2025-11-06 22:56:46,2025-11-07 21:40:17,video_20250911_175612
L57440,2025-11-06 22:56:47,2025-11-07 21:40:18,video_20250911_175612
UT3I40,2025-11-06 22:56:47,2025-11-07 21:40:19,video_20250911_175612
IE7401,2025-11-06 22:56:48,2025-11-07 21:40:20,video_20250911_175612
L37440,2025-11-06 22:56:48,2025-11-07 21:40:20,video_20250911_175612
LIS740,2025-11-06 22:56:55,2025-11-07 21:40:28,video_20250911_175612
TEST40,2025-11-06 22:56:56,2025-11-07 21:40:30,video_20250911_175612
WEE401,2025-11-06 22:56:59,2025-11-07 21:40:32,video_20250911_175612
TTSI70,2025-11-06 22:57:03,2025-11-07 21:40:37,video_20250911_175612
E75740,2025-11-06 22:57:20,2025-11-07 21:40:54,video_20250911_175612
S25140,2025-11-06 22:57:22,2025-11-07 21:40:57,video_20250911_175612
OES140,2025-11-06 22:57:22,2025-11-07 21:40:57,video_20250911_175612
UK7CHESAG,2025-11-06 22:59:09,2025-11-07 21:42:59,video_20250911_175612
POTFFES6,2025-11-06 22:59:09,2025-11-07 21:42:59,video_20250911_175612
URGTFFSS6,2025-11-06 22:59:11,2025-11-07 21:43:01,video_20250911_175612
URO7FFES46,2025-11-06 22:59:11,2025-11-07 21:43:02,video_20250911_175612
AYTETESO2,2025-11-06 22:59:13,2025-11-07 21:43:04,video_20250911_175612
UKO7FFESZ,2025-11-06 22:59:13,2025-11-07 21:43:04,video_20250911_175612
PURISCRES0,2025-11-06 22:59:14,2025-11-07 21:43:05,video_20250911_175612
WXI7ETES04,2025-11-06 22:59:14,2025-11-07 21:43:06,video_20250911_175612
URRCTES07,2025-11-06 22:59:15,2025-11-07 21:43:06,video_20250911_175612
PUITCIES07,2025-11-06 22:59:15,2025-11-07 21:43:07,video_20250911_175612
PURRERS0,2025-11-06 22:59:16,2025-11-07 21:43:08,video_20250911_175612
PWITCIESO7,2025-11-06 22:59:16,2025-11-07 21:43:08,video_20250911_175612
ORRRERSSE7,2025-11-06 22:59:17,2025-11-07 21:43:09,video_20250911_175612
PURI7C1ES0Q,2025-11-06 22:59:18,2025-11-07 21:43:10,video_20250911_175612
UP1SER1567,2025-11-06 22:59:21,2025-11-07 21:43:14,video_20250911_175612
PSSEN567,2025-11-06 22:59:23,2025-11-07 21:43:16,video_20250911_175612
LUPASEN1567,2025-11-06 22:59:29,2025-11-07 21:43:23,video_20250911_175612
UPISEW1567,2025-11-06 22:59:29,2025-11-07 21:43:24,video_20250911_175612
UPTSEN1567,2025-11-06 22:59:31,2025-11-07 21:43:26,video_20250911_175612
UPASEW1567,2025-11-06 22:59:32,2025-11-07 21:43:27,video_20250911_175612
UP1SEN1567,2025-11-06 22:59:34,2025-11-07 21:43:30,video_20250911_175612
PI5EN1567,2025-11-06 22:59:36,2025-11-07 21:43:32,video_20250911_175612
LUPISENTSE7,2025-11-06 22:59:36,2025-11-07 21:43:32,video_20250911_175612
L1SEM1567,2025-11-06 22:59:41,2025-11-07 21:43:38,video_20250911_175612
LP1SEN1567,2025-11-06 22:59:42,2025-11-07 21:43:39,video_20250911_175612
5SEERISS,2025-11-06 22:59:42,2025-11-07 21:43:39,video_20250911_175612
PSL263,2025-11-06 23:00:13,2025-11-06 23:08:24,video_20250911_175612
8EPGTEE,2025-11-06 23:00:36,2025-11-06 23:08:45,video_20250911_175612
CA6025,2025-11-06 23:00:51,2025-11-06 23:09:02,video_20250911_175612
AREOA2,2025-11-06 23:00:51,2025-11-06 23:09:02,video_20250911_175612
SUPISZE0025,2025-11-06 23:00:56,2025-11-06 23:09:07,video_20250911_175612
SUPIE20025,2025-11-06 23:00:56,2025-11-06 23:09:08,video_20250911_175612
UPS280025,2025-11-06 23:00:56,2025-11-06 23:09:08,video_20250911_175612
UPISEE0025,2025-11-06 23:00:58,2025-11-06 23:09:10,video_20250911_175612
SUP1SEE0025,2025-11-06 23:00:58,2025-11-06 23:09:10,video_20250911_175612
SUPSEE0025,2025-11-06 23:00:59,2025-11-06 23:09:11,video_20250911_175612
MUPISEE0025,2025-11-06 23:00:59,2025-11-06 23:09:11,video_20250911_175612
PUPISEE0025,2025-11-06 23:00:59,2025-11-06 23:09:12,video_20250911_175612
BUPISEE0025,2025-11-06 23:01:00,2025-11-06 23:09:12,video_20250911_175612
SEE0025,2025-11-06 23:01:00,2025-11-06 23:09:13,video_20250911_175612
1SE0025,2025-11-06 23:01:01,2025-11-06 23:09:13,video_20250911_175612
SUPISEE0025,2025-11-06 23:01:02,2025-11-06 23:09:15,video_20250911_175612
ERE776,2025-11-06 23:01:06,2025-11-06 23:09:18,video_20250911_175612
OU2INEIT,2025-11-06 23:09:34,2025-11-06 23:09:34,video_20250911_175612
DLT2CHSO47,2025-11-06 23:09:35,2025-11-06 23:09:35,video_20250911_175612
DLACHSO2,2025-11-06 23:09:35,2025-11-06 23:09:35,video_20250911_175612
DLY2CHE3,2025-11-06 23:09:35,2025-11-06 23:09:35,video_20250911_175612
DLI2CHEO02,2025-11-06 23:09:36,2025-11-06 23:09:36,video_20250911_175612
AOLIZCHE90Z,2025-11-06 23:09:36,2025-11-06 23:09:36,video_20250911_175612
DUI2CHSDRL,2025-11-06 23:09:37,2025-11-06 23:09:37,video_20250911_175612
DLY2CHS00,2025-11-06 23:09:37,2025-11-06 23:09:37,video_20250911_175612
DLA215002,2025-11-06 23:09:37,2025-11-06 23:09:37,video_20250911_175612
DU2CHEO02,2025-11-06 23:09:37,2025-11-06 23:09:37,video_20250911_175612
DLI2CHSO04,2025-11-06 23:09:37,2025-11-06 23:09:37,video_20250911_175612
DU2CH5002,2025-11-06 23:09:38,2025-11-06 23:09:38,video_20250911_175612
DU2CHS902,2025-11-06 23:09:38,2025-11-06 23:09:38,video_20250911_175612
DUIZCHST0,2025-11-06 23:09:38,2025-11-06 23:09:38,video_20250911_175612
DLY2CHSO02,2025-11-06 23:09:38,2025-11-06 23:09:38,video_20250911_175612
DUDCH3904,2025-11-06 23:09:38,2025-11-06 23:09:38,video_20250911_175612
DUI2CHS002,2025-11-06 23:09:39,2025-11-06 23:09:39,video_20250911_175612
OLI2CHS002,2025-11-06 23:09:39,2025-11-06 23:09:39,video_20250911_175612
OL12CHED0,2025-11-06 23:09:39,2025-11-06 23:09:39,video_20250911_175612
OLI2CHEESS,2025-11-06 23:09:39,2025-11-06 23:09:39,video_20250911_175612
OU12CHS002,2025-11-06 23:09:40,2025-11-06 23:09:40,video_20250911_175612
DLI2CHS00Z,2025-11-06 23:09:40,2025-11-06 23:09:40,video_20250911_175612
OLT2CHS00,2025-11-06 23:09:40,2025-11-06 23:09:40,video_20250911_175612
DLI2CHEN,2025-11-06 23:09:40,2025-11-06 23:09:40,video_20250911_175612
DLI2CHSOR2,2025-11-06 23:09:41,2025-11-06 23:09:41,video_20250911_175612
OUT2CHSO02,2025-11-06 23:09:41,2025-11-06 23:09:41,video_20250911_175612
DUT2CHEO0,2025-11-06 23:09:41,2025-11-06 23:09:41,video_20250911_175612
OV2CHONG,2025-11-06 23:09:41,2025-11-06 23:09:41,video_20250911_175612
OLT2CHEONZ,2025-11-06 23:09:41,2025-11-06 23:09:41,video_20250911_175612
LLN2CHST414,2025-11-06 23:09:42,2025-11-06 23:09:42,video_20250911_175612
CLY2CHEE92,2025-11-06 23:09:43,2025-11-06 23:09:43,video_20250911_175612
TOV2CHESOG,2025-11-06 23:09:43,2025-11-06 23:09:43,video_20250911_175612
COVES94,2025-11-06 23:09:44,2025-11-06 23:09:44,video_20250911_175612
PE21223,2025-11-06 23:09:48,2025-11-06 23:09:48,video_20250911_175612
2S7YEES,2025-11-06 23:09:48,2025-11-06 23:09:48,video_20250911_175612
JE27223,2025-11-06 23:09:49,2025-11-06 23:09:49,video_20250911_175612
2OTY6253,2025-11-06 23:09:49,2025-11-06 23:09:49,video_20250911_175612
ETY653,2025-11-06 23:09:49,2025-11-06 23:09:49,video_20250911_175612
COSLY253,2025-11-06 23:09:50,2025-11-06 23:09:50,video_20250911_175612
2S2Y685,2025-11-06 23:09:50,2025-11-06 23:09:50,video_20250911_175612
CLSC2669,2025-11-06 23:09:51,2025-11-06 23:09:51,video_20250911_175612
FRS655,2025-11-06 23:09:51,2025-11-06 23:09:51,video_20250911_175612
PRSRYSTY689,2025-11-06 23:09:53,2025-11-06 23:09:53,video_20250911_175612
CLSTY2665,2025-11-06 23:09:53,2025-11-06 23:09:53,video_20250911_175612
DLSCY266G,2025-11-06 23:09:54,2025-11-06 23:09:54,video_20250911_175612
CLSCY2865,2025-11-06 23:09:54,2025-11-06 23:09:54,video_20250911_175612
2SCY2665,2025-11-06 23:09:54,2025-11-06 23:09:55,video_20250911_175612
CLSCY4669,2025-11-06 23:09:55,2025-11-06 23:09:55,video_20250911_175612
EHSOY2665,2025-11-06 23:09:56,2025-11-06 23:09:56,video_20250911_175612
CLSTY4665,2025-11-06 23:09:56,2025-11-06 23:09:56,video_20250911_175612
LCSTYA863,2025-11-06 23:09:57,2025-11-06 23:09:57,video_20250911_175612
PR5252VA665,2025-11-06 23:09:57,2025-11-06 23:09:57,video_20250911_175612
F57155,2025-11-06 23:09:59,2025-11-06 23:09:59,video_20250911_175612
XE9IOF,2025-11-06 23:09:59,2025-11-06 23:09:59,video_20250911_175612
POOETY253,2025-11-06 23:09:59,2025-11-06 23:09:59,video_20250911_175612
2SCYAGES,2025-11-06 23:10:00,2025-11-06 23:10:00,video_20250911_175612
AE24689,2025-11-06 23:10:02,2025-11-06 23:10:02,video_20250911_175612
222LFELL,2025-11-06 23:10:02,2025-11-06 23:10:02,video_20250911_175612
2SCCE6G,2025-11-06 23:10:05,2025-11-06 23:10:05,video_20250911_175612
COES669,2025-11-06 23:10:06,2025-11-06 23:10:06,video_20250911_175612
X8910J,2025-11-06 23:10:06,2025-11-06 23:10:06,video_20250911_175612
FISTY4665,2025-11-06 23:10:07,2025-11-06 23:10:07,video_20250911_175612
XE3I70,2025-11-06 23:10:13,2025-11-06 23:10:13,video_20250911_175612
UMC58AU,2025-11-06 23:10:17,2025-11-06 23:10:17,video_20250911_175612
LUPISCCOL8S,2025-11-06 23:10:34,2025-11-06 23:10:34,video_20250911_175612
UP1SCC0485,2025-11-06 23:10:36,2025-11-06 23:10:36,video_20250911_175612
UPISCCOL85,2025-11-06 23:10:37,2025-11-06 23:10:37,video_20250911_175612
LUP1SCCO285,2025-11-06 23:10:37,2025-11-06 23:10:37,video_20250911_175612
UPISCCOZ85,2025-11-06 23:10:38,2025-11-06 23:10:41,video_20250911_175612
UP15C0485,2025-11-06 23:10:38,2025-11-06 23:10:38,video_20250911_175612
WIPSC0485,2025-11-06 23:10:39,2025-11-06 23:10:39,video_20250911_175612
UPTSCC0485,2025-11-06 23:10:39,2025-11-06 23:10:39,video_20250911_175612
UP15000485,2025-11-06 23:10:40,2025-11-06 23:10:40,video_20250911_175612
UP15CCOZ85,2025-11-06 23:10:41,2025-11-06 23:10:41,video_20250911_175612
UPISCCO48S,2025-11-06 23:10:42,2025-11-06 23:10:42,video_20250911_175612
LUPISC0485,2025-11-06 23:10:42,2025-11-06 23:10:42,video_20250911_175612
UPTSC0285,2025-11-06 23:10:42,2025-11-06 23:10:42,video_20250911_175612
UPISCCO4ES,2025-11-06 23:10:43,2025-11-06 23:10:43,video_20250911_175612
UPISC0285,2025-11-06 23:10:43,2025-11-06 23:10:43,video_20250911_175612
LUPISCCAZ85,2025-11-06 23:10:44,2025-11-06 23:10:44,video_20250911_175612
UPTS5C0285,2025-11-06 23:10:44,2025-11-06 23:10:44,video_20250911_175612
UPI5CCO285,2025-11-06 23:10:44,2025-11-06 23:10:44,video_20250911_175612
UPI5CC0485,2025-11-06 23:10:45,2025-11-06 23:10:45,video_20250911_175612
OS7SOE,2025-11-06 23:11:07,2025-11-06 23:11:07,video_20250911_175612
UPB2BTO471,2025-11-06 23:11:14,2025-11-06 23:11:20,video_20250911_175612
UP82BTO471,2025-11-06 23:11:15,2025-11-06 23:11:15,video_20250911_175612
UP82BTO477,2025-11-06 23:11:16,2025-11-06 23:11:16,video_20250911_175612
UP82BT0471,2025-11-06 23:11:16,2025-11-06 23:11:20,video_20250911_175612
UPR2BT0471,2025-11-06 23:11:17,2025-11-06 23:11:17,video_20250911_175612
EPB2BT0L7,2025-11-06 23:11:18,2025-11-06 23:11:18,video_20250911_175612
UPB2BT047,2025-11-06 23:11:19,2025-11-06 23:11:19,video_20250911_175612
UPB2BTO474,2025-11-06 23:11:19,2025-11-06 23:11:19,video_20250911_175612
UPB2BT0471,2025-11-06 23:11:19,2025-11-06 23:11:20,video_20250911_175612
UPB2BT0474,2025-11-06 23:11:20,2025-11-06 23:11:20,video_20250911_175612
UPB2BTOL71,2025-11-06 23:11:21,2025-11-06 23:11:21,video_20250911_175612
UPB2BTG47,2025-11-06 23:11:21,2025-11-06 23:11:21,video_20250911_175612
UPR2BTOL74,2025-11-06 23:11:21,2025-11-06 23:11:21,video_20250911_175612
UP14EB9031,2025-11-06 23:11:25,2025-11-06 23:11:26,video_20250911_175612
UP14EBSC31,2025-11-06 23:11:26,2025-11-06 23:11:26,video_20250911_175612
UP14EB3031,2025-11-06 23:11:27,2025-11-06 23:11:27,video_20250911_175612
UKIAE6789,2025-11-06 23:11:31,2025-11-06 23:11:40,video_20250911_175612
UE6789,2025-11-06 23:11:31,2025-11-06 23:11:31,video_20250911_175612
UCU6788,2025-11-06 23:11:31,2025-11-06 23:11:31,video_20250911_175612
K14E6789,2025-11-06 23:11:31,2025-11-06 23:11:32,video_20250911_175612
K1UE6789,2025-11-06 23:11:32,2025-11-06 23:11:32,video_20250911_175612
UKILE6789,2025-11-06 23:11:32,2025-11-06 23:11:32,video_20250911_175612
UKIGE6789,2025-11-06 23:11:33,2025-11-06 23:11:35,video_20250911_175612
UKI4E6789,2025-11-06 23:11:33,2025-11-06 23:11:40,video_20250911_175612
UK14E6789,2025-11-06 23:11:34,2025-11-06 23:11:43,video_20250911_175612
UK146789,2025-11-06 23:11:37,2025-11-06 23:11:38,video_20250911_175612
UK14E6799,2025-11-06 23:11:39,2025-11-06 23:11:39,video_20250911_175612
UNTEE6789,2025-11-06 23:11:40,2025-11-06 23:11:40,video_20250911_175612
UKTS6785,2025-11-06 23:11:41,2025-11-06 23:11:41,video_20250911_175612
UKTSE6789,2025-11-06 23:11:41,2025-11-06 23:11:41,video_20250911_175612
UPTZEBS2,2025-11-06 23:11:42,2025-11-06 23:11:42,video_20250911_175612
N255799,2025-11-06 23:11:44,2025-11-06 23:11:44,video_20250911_175612
HR3BAJO,2025-11-06 23:11:45,2025-11-06 23:11:45,video_20250911_175612
HR3BAJOAE,2025-11-06 23:11:46,2025-11-06 23:11:46,video_20250911_175612
HR3BAJ0161,2025-11-06 23:11:46,2025-11-06 23:12:01,video_20250911_175612
HR38AJ0161,2025-11-06 23:11:47,2025-11-06 23:11:50,video_20250911_175612
R3OML75,2025-11-06 23:11:48,2025-11-06 23:11:48,video_20250911_175612
SISKT561,2025-11-06 23:11:48,2025-11-06 23:11:48,video_20250911_175612
LURAEAJOI64,2025-11-06 23:11:49,2025-11-06 23:11:49,video_20250911_175612
HR38AJ161,2025-11-06 23:11:49,2025-11-06 23:11:49,video_20250911_175612
HR3GAJO161,2025-11-06 23:11:50,2025-11-06 23:11:50,video_20250911_175612
HP38K161,2025-11-06 23:11:51,2025-11-06 23:11:51,video_20250911_175612
HR3BAJO161,2025-11-06 23:11:52,2025-11-06 23:11:53,video_20250911_175612
HRIGAJO161,2025-11-06 23:11:53,2025-11-06 23:11:53,video_20250911_175612
HR3GA2161,2025-11-06 23:11:55,2025-11-06 23:11:55,video_20250911_175612
HR3BAJOI6I,2025-11-06 23:11:56,2025-11-06 23:11:56,video_20250911_175612
VAG7AAS,2025-11-06 23:11:56,2025-11-06 23:11:56,video_20250911_175612
HRIGAL2161,2025-11-06 23:11:56,2025-11-06 23:11:56,video_20250911_175612
HRIGAL5161,2025-11-06 23:11:58,2025-11-06 23:11:58,video_20250911_175612
HR3GALI61,2025-11-06 23:12:01,2025-11-06 23:12:01,video_20250911_175612
HRIBAJO161,2025-11-06 23:12:02,2025-11-06 23:12:02,video_20250911_175612
HRIGA2164,2025-11-06 23:12:02,2025-11-06 23:12:02,video_20250911_175612
P20261,2025-11-06 23:12:03,2025-11-06 23:12:03,video_20250911_175612
HRIBAJOI61,2025-11-06 23:12:04,2025-11-06 23:12:04,video_20250911_175612
HRIBAJOIG1,2025-11-06 23:12:05,2025-11-06 23:12:05,video_20250911_175612
HRIGAD1ET,2025-11-06 23:12:05,2025-11-06 23:12:05,video_20250911_175612
HR3IGAIC161,2025-11-06 23:12:08,2025-11-06 23:12:08,video_20250911_175612
WRIQAL2161,2025-11-06 23:12:09,2025-11-06 23:12:09,video_20250911_175612
HRIGA3161,2025-11-06 23:12:11,2025-11-06 23:12:11,video_20250911_175612
HR3GA3161,2025-11-06 23:12:12,2025-11-06 23:12:12,video_20250911_175612
RIGAO161,2025-11-06 23:12:12,2025-11-06 23:12:12,video_20250911_175612
HRIGAII16,2025-11-06 23:12:13,2025-11-06 23:12:13,video_20250911_175612
DL140276,2025-11-06 23:12:24,2025-11-06 23:12:24,video_20250911_175612
LIN2272,2025-11-06 23:12:24,2025-11-06 23:12:24,video_20250911_175612
DL14CJ8761,2025-11-06 23:12:27,2025-11-06 23:12:32,video_20250911_175612
UP15DI,2025-11-06 23:14:48,2025-11-06 23:14:48,video_20250911_175612
UP1SDKC,2025-11-06 23:14:48,2025-11-06 23:14:48,video_20250911_175612
UP15DK0123,2025-11-06 23:14:49,2025-11-06 23:15:05,video_20250911_175612
UP150K0123,2025-11-06 23:14:50,2025-11-06 23:15:05,video_20250911_175612
UP15D0K0123,2025-11-06 23:14:51,2025-11-06 23:14:51,video_20250911_175612
UP50K0123,2025-11-06 23:14:52,2025-11-06 23:14:52,video_20250911_175612
27OTLELORT,2025-11-06 23:14:53,2025-11-06 23:14:53,video_20250911_175612
UPECUSIZ3,2025-11-06 23:14:54,2025-11-06 23:14:54,video_20250911_175612
UP150K6123,2025-11-06 23:14:55,2025-11-06 23:14:55,video_20250911_175612
UP155K2Z3,2025-11-06 23:14:55,2025-11-06 23:14:55,video_20250911_175612
UPSS3KC23,2025-11-06 23:14:57,2025-11-06 23:14:57,video_20250911_175612
UPSETAL23,2025-11-06 23:15:00,2025-11-06 23:15:00,video_20250911_175612
LESSR2123,2025-11-06 23:15:01,2025-11-06 23:15:01,video_20250911_175612
UPS3K2123,2025-11-06 23:15:02,2025-11-06 23:15:02,video_20250911_175612
UPEDKC123,2025-11-06 23:15:02,2025-11-06 23:15:02,video_20250911_175612
LPEDKS123,2025-11-06 23:15:03,2025-11-06 23:15:03,video_20250911_175612
UPEDKI123,2025-11-06 23:15:03,2025-11-06 23:15:03,video_20250911_175612
UPSEDKI123,2025-11-06 23:15:03,2025-11-06 23:15:03,video_20250911_175612
UP715123,2025-11-06 23:15:04,2025-11-06 23:15:04,video_20250911_175612
UPTEGK123,2025-11-06 23:15:05,2025-11-06 23:15:05,video_20250911_175612
UP1SFT997,2025-11-06 23:15:09,2025-11-06 23:15:09,video_20250911_175612
UP1SFT9976,2025-11-06 23:15:10,2025-11-06 23:15:11,video_20250911_175612
JPISFT3976,2025-11-06 23:15:12,2025-11-06 23:15:12,video_20250911_175612
LDSEE2376,2025-11-06 23:15:12,2025-11-06 23:15:12,video_20250911_175612
OOOU6UM,2025-11-06 23:16:08,2025-11-06 23:16:08,video_20250911_175612
UPISEFS525,2025-11-06 18:19:19,2025-11-08 00:17:05,video_20250910_105621
UPISEFS525,2025-11-06 18:19:19,2025-11-08 00:17:05,video_20250910_105621
UPISEFS525,2025-11-06 18:19:19,2025-11-08 00:17:05,video_20250910_105621
